{"cameraMode":{"drawMode":0,"name":"Shaded","section":"Shading Mode"},"sceneLighting":false,"audioPlay":false,"sceneViewState":{"showFog":false,"showMaterialUpdate":false,"showSkybox":false,"showFlares":false,"showImageEffects":false,"showParticleSystems":true},"in2DMode":false,"pivot":{"x":21.59688949584961,"y":-4.130349159240723,"z":11.250308990478516},"rotation":{"x":-0.11482831835746765,"y":-0.11092117428779602,"z":0.012903546914458275,"w":-0.9870889186859131},"size":50.494300842285159,"orthographic":false}