{"cameraMode":{"drawMode":0,"name":"Shaded","section":"Shading Mode"},"sceneLighting":false,"audioPlay":false,"sceneViewState":{"showFog":false,"showMaterialUpdate":false,"showSkybox":false,"showFlares":false,"showImageEffects":false,"showParticleSystems":true},"in2DMode":false,"pivot":{"x":-0.2099999189376831,"y":-1.8450000286102296,"z":0.0},"rotation":{"x":-0.11482831835746765,"y":-0.11092117428779602,"z":0.012903546914458275,"w":-0.9870889186859131},"size":2.8578836917877199,"orthographic":false}