{"cameraMode":{"drawMode":0,"name":"Shaded","section":"Shading Mode"},"sceneLighting":false,"audioPlay":false,"sceneViewState":{"showFog":false,"showMaterialUpdate":false,"showSkybox":false,"showFlares":false,"showImageEffects":false,"showParticleSystems":true},"in2DMode":false,"pivot":{"x":-6.022127151489258,"y":-0.5260857343673706,"z":0.6105728149414063},"rotation":{"x":-0.07667317241430283,"y":-0.039774250239133838,"z":0.0030611357651650907,"w":-0.9962579607963562},"size":24.72049331665039,"orthographic":false}